<?xml version="1.0" encoding="UTF-8" standalone="yes"?>
<manifest>
  <control namespace="SikControl" constructor="DownloadButton" version="0.0.4" display-name-key="DownloadButton" description-key="DownloadButton description" control-type="standard" api-version="1.3.4">
    <external-service-usage enabled="false"/>
    <property name="fileName" display-name-key="File Name" description-key="This is the file name of file you are going to download." of-type="SingleLine.Text" usage="bound" required="true"/>
    <property name="fileMIMEType" display-name-key="File MIME Type" description-key="This is the file type of file you are going to download." of-type="SingleLine.Text" usage="bound" required="true"/>
    <property name="fileContent" display-name-key="File Content" description-key="This is the file content(base64) of file you are going to download." of-type="SingleLine.Text" usage="bound" required="true"/>
    <resources>
      <code path="bundle.js" order="1"/>
    </resources>
    <built-by name="pac" version="1.10.4"/>
  </control>
</manifest>